GEOID,households_total,white_nonhisp_100k_plus,black_hh_income_lt25k,black_pop_below_poverty,total_population,ice_income_households,ice_poverty_mixed,source,nonfatal_shooting_rate,vacant_housing_pct,college_educated_pct,black_residents_pct,median_household_income
24510260403,741,11,174,436,1764,-0.21997300944669365,-0.2409297052154195,acs5_2019_tract,NA,6.4393939393939394,12.604263206672845,98.69614512471655,31625
24510230200,982,441,10,5,1982,0.43890020366598775,0.2199798183652876,acs5_2019_tract,NA,11.291779584462512,73.13131313131314,8.526740665993945,107391
24510260102,1707,83,285,443,4775,-0.11833626244874049,-0.07539267015706806,acs5_2019_tract,NA,14.177978883861236,16.38112413585813,89.08900523560209,62586
24510260303,456,33,185,252,969,-0.3333333333333333,-0.2260061919504644,acs5_2019_tract,NA,8.617234468937875,8.571428571428571,64.60268317853458,17000
24510260800,995,71,87,124,2332,-0.016080402010050253,-0.022727272727272728,acs5_2019_tract,NA,11.081322609472744,29.05325443786982,13.293310463121784,40795
24510270401,1920,163,123,154,4892,0.020833333333333332,0.001839738348323794,acs5_2019_tract,NA,11.966987620357633,26.229508196721312,59.07604251839739,59886
24510280401,1473,118,277,318,3269,-0.1079429735234216,-0.06118078923218109,acs5_2019_tract,NA,8.16708229426434,29.597701149425287,81.64576323034566,46493
24510270302,694,114,69,238,1887,0.06484149855907781,-0.06571277159512454,acs5_2019_tract,NA,7.095046854082999,20.100502512562816,45.62798092209857,71500
24510270702,892,84,83,103,1912,0.0011210762331838565,-0.00993723849372385,acs5_2019_tract,NA,18.83530482256597,26.946933149552034,67.31171548117155,55285
24510270903,1281,126,225,167,5241,-0.07728337236533958,-0.007822934554474336,acs5_2019_tract,NA,11.472011057360055,34.917175239755885,72.19996183934364,49327
24510271101,880,176,174,173,1928,0.0022727272727272726,0.0015560165975103733,acs5_2019_tract,NA,6.779661016949152,51.817533856022806,32.98755186721991,51765
24510271801,1243,0,509,921,2700,-0.4094931617055511,-0.3411111111111111,acs5_2019_tract,NA,23.318938926588526,12.244897959183673,95.07407407407408,26817
24510260201,2260,58,423,826,5901,-0.16150442477876106,-0.13014743263853584,acs5_2019_tract,NA,6.146179401993355,20.408671816596062,79.41026944585663,40996
24510260401,1215,31,46,341,4148,-0.012345679012345678,-0.07473481195756991,acs5_2019_tract,NA,8.920539730134932,5.7580778790389395,17.116682738669237,40281
24510270301,1147,203,66,112,3074,0.11944202266782912,0.02960312296681848,acs5_2019_tract,NA,8.092948717948717,38.52423852423853,54.16395575797007,77977
24510270802,2167,0,628,929,5154,-0.28980156898938625,-0.18024835079549864,acs5_2019_tract,NA,2.8251121076233185,18.232530827950676,89.93015133876601,47566
24510270804,1360,230,213,168,2990,0.0125,0.02073578595317726,acs5_2019_tract,NA,11.400651465798045,36.512027491408936,39.4314381270903,55750
24510270805,1972,64,339,500,5584,-0.1394523326572008,-0.07808022922636103,acs5_2019_tract,NA,12.820512820512821,27.830999754360107,82.9512893982808,58441
24510271102,441,306,0,0,4597,0.6938775510204082,0.0665651511855558,acs5_2019_tract,NA,12.845849802371541,81.54696132596685,22.253643680661302,195156
24510271802,831,0,287,633,2290,-0.345367027677497,-0.27641921397379915,acs5_2019_tract,NA,37.424698795180724,10.983009708737864,96.55021834061135,33156
24510280101,1237,0,352,952,3401,-0.28455941794664513,-0.279917671273155,acs5_2019_tract,NA,12.019914651493599,14.5413870246085,92.29638341664216,45855
24510280402,617,0,196,262,1632,-0.31766612641815234,-0.16053921568627452,acs5_2019_tract,NA,12.976022566995768,21.149042464612823,98.10049019607843,48750
24510280403,2205,216,179,229,5468,0.016780045351473923,-0.002377468910021946,acs5_2019_tract,NA,6.883445945945946,27.059843885516045,73.75640087783468,57973
24510271300,1037,636,15,0,2455,0.5988428158148505,0.2590631364562118,acs5_2019_tract,NA,8.311229000884174,87.95180722891567,5.05091649694501,154313
24510250103,1504,130,233,297,3378,-0.06848404255319149,-0.049437537004144466,acs5_2019_tract,NA,13.662456946039036,12.541133455210238,34.695085849615154,41307
24510280102,2534,0,834,1271,6231,-0.3291239147592739,-0.20398009950248755,acs5_2019_tract,NA,12.34866828087167,27.938789705541385,97.41614508104638,50798
24510160600,1033,0,322,695,3266,-0.3117134559535334,-0.21279853031230864,acs5_2019_tract,NA,41.57239819004525,7.491582491582491,94.61114513165953,43306
24510240100,1602,1012,0,2,3320,0.6317103620474407,0.3042168674698795,acs5_2019_tract,NA,13.778256189451023,78.34716708769398,1.8975903614457832,142328
24510260605,1732,144,92,66,4947,0.03002309468822171,0.015767131594906003,acs5_2019_tract,NA,12.214901165737455,10.146252285191956,14.210632706690923,41698
24510271503,677,131,5,14,876,0.1861152141802068,0.13356164383561644,acs5_2019_tract,NA,1.741654571843251,77.06766917293233,13.013698630136986,56490
24510100200,1085,0,677,1178,2858,-0.623963133640553,-0.41217634709587125,acs5_2019_tract,NA,14.835164835164836,3.459637561779242,96.0111966410077,16080
24510150800,1786,0,661,1077,4719,-0.37010078387458006,-0.22822631913541006,acs5_2019_tract,NA,27.427874847622917,17.512835139760412,97.73257045984319,36446
24510170300,809,0,399,668,1767,-0.4932014833127318,-0.37804187889077534,acs5_2019_tract,NA,34.440842787682335,18.75,93.15223542727787,20884
24510240400,1156,634,13,13,2721,0.53719723183391,0.22822491730981256,acs5_2019_tract,NA,6.774193548387097,73.42625899280576,0.5145167217934583,110982
24510270902,1425,9,261,297,5091,-0.17684210526315788,-0.05657041838538598,acs5_2019_tract,NA,6.1882817643186305,27.441860465116278,87.4680809271263,64028
24510271002,1498,12,428,1495,4250,-0.27770360480640854,-0.34894117647058825,acs5_2019_tract,NA,15.031196823596144,19.479090242112985,92.32941176470588,40147
24510260402,1263,0,406,828,3315,-0.32145684877276326,-0.2497737556561086,acs5_2019_tract,NA,3.6613272311212817,11.58924205378973,92.06636500754148,38934
24510271200,2143,1308,29,34,6282,0.5968268782081194,0.20280165552371857,acs5_2019_tract,NA,7.669108143041792,76.09964093357272,8.962113976440625,165443
24510280404,1097,4,405,598,2631,-0.365542388331814,-0.22576966932725198,acs5_2019_tract,NA,12.659235668789808,15.921483097055615,89.54770049410871,39233
24510090100,1537,46,435,726,3758,-0.2530904359141184,-0.1809473124002129,acs5_2019_tract,NA,21.50153217568948,17.275027105168054,82.99627461415646,44759
24510200300,479,14,157,404,1356,-0.2985386221294363,-0.28761061946902655,acs5_2019_tract,NA,50.15608740894901,4.365904365904366,61.13569321533923,20820
24510271501,1765,733,8,88,4161,0.41076487252124644,0.15501081470800288,acs5_2019_tract,NA,7.202944269190326,78.65390960079182,16.58255227108868,104375
24510250203,718,23,201,357,1940,-0.2479108635097493,-0.17216494845360825,acs5_2019_tract,NA,15.826494724501758,18.82640586797066,83.81443298969072,34873
24510110200,3963,733,624,360,5968,0.027504415846580872,0.0625,acs5_2019_tract,NA,10.420433996383364,64.64208242950109,25.28485254691689,49970
24510020300,2152,805,0,0,3761,0.37407063197026025,0.2140388194629088,acs5_2019_tract,NA,14.873417721518987,79.70970668279408,3.669236905078437,108026
24510150400,1199,0,481,527,3824,-0.4011676396997498,-0.13781380753138076,acs5_2019_tract,NA,33.388888888888886,14.17624521072797,93.59309623430963,31440
24510010200,1411,656,10,0,2858,0.4578313253012048,0.22953114065780267,acs5_2019_tract,NA,6.4943671305500335,74.75971583786043,4.478656403079076,106250
24510060400,797,77,199,110,1561,-0.15307402760351319,-0.02114029468289558,acs5_2019_tract,NA,12.991266375545852,56.802721088435376,52.59449071108264,51089
24510200600,847,26,129,250,2311,-0.12160566706021252,-0.09692773691042839,acs5_2019_tract,NA,28.402366863905325,8.208020050125313,71.39766334919948,39159
24510200701,1798,0,555,1014,4797,-0.3086763070077864,-0.21138211382113822,acs5_2019_tract,NA,14.867424242424242,9.088145896656535,97.49843652282676,39208
24510270803,2938,25,414,155,6367,-0.13240299523485363,-0.020417779173865242,acs5_2019_tract,NA,7.054729515975957,28.233856182521897,89.13145908591173,50686
24510270901,1712,21,332,241,4525,-0.1816588785046729,-0.04861878453038674,acs5_2019_tract,NA,4.994450610432852,12.013910844135314,91.86740331491713,53120
24510271400,1440,778,14,48,4015,0.5305555555555556,0.18181818181818182,acs5_2019_tract,NA,6.188925081433225,80.15625,6.475716064757161,133333
24510271600,1437,0,505,1038,4066,-0.35142658315935976,-0.25528775209050664,acs5_2019_tract,NA,23.072805139186297,13.452027695351138,93.16281357599607,31361
24510280302,1022,20,300,480,2538,-0.273972602739726,-0.18124507486209615,acs5_2019_tract,NA,10.507880910683012,21.170084439083233,86.72182821118992,44423
24510200702,393,0,82,257,1026,-0.20865139949109415,-0.25048732943469787,acs5_2019_tract,NA,33.83838383838384,9.694555112881806,99.317738791423,44830
24510230100,830,244,53,149,1872,0.23012048192771084,0.05074786324786325,acs5_2019_tract,NA,14.344685242518059,54.585798816568044,41.23931623931624,74578
24510250205,1480,47,219,499,4008,-0.11621621621621622,-0.11277445109780439,acs5_2019_tract,NA,17.73207337409672,22.194616977225675,51.122754491017965,41184
24510270402,1194,193,47,149,3792,0.12227805695142378,0.011603375527426161,acs5_2019_tract,NA,14.162473040977714,35.979049153908136,61.84071729957806,83160
24510250402,1668,68,394,1301,4614,-0.19544364508393286,-0.2672301690507152,acs5_2019_tract,NA,20.26768642447419,10.890052356020943,51.84221933246641,37451
24510260501,1739,245,56,5,5186,0.10868315123634273,0.04627844195912071,acs5_2019_tract,NA,18.241654913023037,26.5401611645438,11.280370227535673,57639
24510261100,864,474,6,22,1813,0.5416666666666666,0.24931053502482073,acs5_2019_tract,NA,15.12770137524558,74.9835418038183,5.956977385548814,133152
24510270502,1760,274,220,278,4229,0.03068181818181818,-9.458500827618822e-4,acs5_2019_tract,NA,12.914398812469075,39.19262555626192,58.26436509813195,75197
24510270703,1168,241,18,125,2996,0.1909246575342466,0.03871829105473965,acs5_2019_tract,NA,7.886435331230284,34.19894366197183,45.52736982643525,67895
24510271001,883,0,214,403,2515,-0.24235560588901472,-0.1602385685884692,acs5_2019_tract,NA,17.783985102420857,18.181818181818183,94.31411530815109,40039
24510120201,848,298,0,31,2227,0.35141509433962265,0.11989223170184105,acs5_2019_tract,NA,11.85031185031185,75.1592356687898,19.083969465648856,87500
24510272004,1820,318,50,104,3924,0.14725274725274726,0.0545361875637105,acs5_2019_tract,NA,4.008438818565401,51.66184971098266,20.158002038735983,49603
24510120202,1522,223,0,3,5272,0.14651773981603153,0.0417298937784522,acs5_2019_tract,NA,18.303811057434245,78.98305084745763,10.39453717754173,42674
24510272005,1265,362,42,57,3378,0.25296442687747034,0.09029011249259918,acs5_2019_tract,NA,5.526512322628827,53.14232902033272,11.752516281823564,59883
24510272006,1642,90,398,183,3488,-0.18757612667478685,-0.026662844036697247,acs5_2019_tract,NA,12.333155365723439,30.213675213675213,48.05045871559633,30878
24510272007,1830,183,342,656,4747,-0.08688524590163935,-0.09964187908152518,acs5_2019_tract,NA,9.807787087235091,34.11764705882353,48.26206024857805,39748
24510280500,995,0,778,1192,2173,-0.7819095477386935,-0.548550391164289,acs5_2019_tract,NA,9.132420091324201,8.338892595063376,93.46525540727106,13289
24510020100,804,309,23,40,1636,0.35572139303482586,0.16442542787286063,acs5_2019_tract,NA,19.438877755511022,73.82697947214076,12.71393643031785,89000
24510060100,916,185,120,446,2653,0.07096069868995633,-0.09837919336600075,acs5_2019_tract,NA,26.188557614826752,42.30769230769231,44.55333584621184,63421
24510090200,1173,123,113,44,2756,0.008525149190110827,0.028664731494920173,acs5_2019_tract,NA,8.715953307392995,37.09239130434783,77.57619738751814,71189
24510090600,911,28,377,884,3010,-0.38309549945115257,-0.2843853820598007,acs5_2019_tract,NA,30.88012139605463,5.419766206163656,90.96345514950166,35313
24510010300,1008,618,0,16,2380,0.6130952380952381,0.2529411764705882,acs5_2019_tract,NA,14.720812182741117,78.27160493827161,1.638655462184874,142368
24510080301,603,0,222,490,1759,-0.3681592039800995,-0.2785673678226265,acs5_2019_tract,NA,40.99804305283757,8.210890233362143,90.79022171688459,31250
24510110100,2094,274,159,115,3177,0.054918815663801336,0.05004721435316336,acs5_2019_tract,NA,8.318739054290718,78.01392451447417,27.132514951211835,55796
24510090300,1908,70,524,703,4476,-0.2379454926624738,-0.14142091152815014,acs5_2019_tract,NA,10.50656660412758,34.479717813051145,70.218945487042,49722
24510100300,0,0,0,0,3326,NA,0,acs5_2019_tract,NA,NA,0.4811250925240563,76.90920024052916,NA
24510120400,719,58,222,523,1842,-0.22809457579972184,-0.252442996742671,acs5_2019_tract,NA,22.186147186147185,35.20197856553998,68.02388707926167,38445
24510130600,1659,774,26,53,3614,0.45087402049427366,0.19950193691200885,acs5_2019_tract,NA,9.689711486118672,72.63090266623836,5.561704482567792,103911
24510130804,946,258,20,35,1993,0.25158562367864695,0.11189162067235324,acs5_2019_tract,NA,5.870646766169155,49.49431099873578,9.533366783743102,67500
24510160200,860,0,475,1225,2479,-0.5523255813953488,-0.49415086728519564,acs5_2019_tract,NA,32.917316692667704,6.537890044576523,97.29729729729729,22881
24510160400,647,0,315,944,1937,-0.4868624420401855,-0.48735157459989675,acs5_2019_tract,NA,61.71597633136095,5.560619872379216,95.92152813629323,23417
24510160700,1520,0,465,1524,4543,-0.3059210526315789,-0.33546114902047103,acs5_2019_tract,NA,35.40161495962601,11.02836879432624,98.85538190622937,37870
24510170200,1301,11,824,1202,2705,-0.6249039200614912,-0.4402957486136784,acs5_2019_tract,NA,27.19641857862339,9.254498714652957,87.02402957486137,13841
24510180100,948,0,642,1254,2185,-0.6772151898734177,-0.5739130434782609,acs5_2019_tract,NA,10.566037735849056,2.168256721595837,98.99313501144165,15195
24510180300,826,84,162,221,1732,-0.09443099273607748,-0.07909930715935334,acs5_2019_tract,NA,26.57777777777778,35.49060542797495,47.45958429561201,50761
24510260302,2531,70,669,2165,6634,-0.23666534966416436,-0.3157974072957492,acs5_2019_tract,NA,12.361495844875346,11.5625,88.40820018088634,41280
24510260700,971,377,18,17,2933,0.36972193614830073,0.12274122059324924,acs5_2019_tract,NA,15.784908933217693,44.86428951569984,2.3184452778724856,83050
24510260900,1639,843,12,18,3359,0.5070164734594265,0.24560881214647218,acs5_2019_tract,NA,10.729847494553377,75.96223674655047,5.269425424233403,109618
24510261000,981,91,93,661,2824,-0.0020387359836901123,-0.20184135977337112,acs5_2019_tract,NA,27.11738484398217,23.798756359525157,44.08640226628895,55221
24510270101,604,140,55,242,1638,0.14072847682119205,-0.06227106227106227,acs5_2019_tract,NA,14.082503556187767,44.919786096256686,51.03785103785104,76591
24510271900,1515,167,395,629,3794,-0.1504950495049505,-0.12177121771217712,acs5_2019_tract,NA,9.00900900900901,33.94375408763898,76.8054823405377,51938
24510272003,1957,518,184,93,6229,0.17066939192641797,0.06822925028094397,acs5_2019_tract,NA,6.587112171837709,47.01042238069117,26.617434580189435,69016
24510090900,966,0,492,842,2691,-0.5093167701863354,-0.31289483463396506,acs5_2019_tract,NA,32.35294117647059,7.425742574257426,96.20958751393535,22571
24510100100,824,0,372,1073,2259,-0.45145631067961167,-0.47498893315626384,acs5_2019_tract,NA,26.09865470852018,8.866995073891626,96.85701637892873,26350
24510150100,977,0,523,907,2172,-0.5353121801432958,-0.4175874769797422,acs5_2019_tract,NA,34.77970627503338,4.709677419354839,93.13996316758748,17371
24510150900,1276,9,255,541,3371,-0.19278996865203762,-0.157816671610798,acs5_2019_tract,NA,23.68421052631579,24.41012441012441,92.8211213289825,56530
24510200400,494,0,187,524,1519,-0.3785425101214575,-0.34496379196840027,acs5_2019_tract,NA,45.714285714285715,6.019007391763464,91.1784068466096,30000
24510200500,936,22,249,440,2709,-0.24252136752136752,-0.15430047988187523,acs5_2019_tract,NA,38.86348791639451,7.027027027027027,52.52860834256183,32992
24510250101,1633,82,233,492,4116,-0.09246785058175137,-0.09961127308066084,acs5_2019_tract,NA,4.447045055588063,18.37076768354006,80.70942662779397,57991
24510250600,0,0,0,0,0,NA,NA,acs5_2019_tract,NA,NA,NA,NA,NA
24510260404,542,51,46,107,2061,0.00922509225092251,-0.027171276079573023,acs5_2019_tract,NA,24.617524339360223,6.179351921627732,15.914604560892771,45781
24510270102,1279,128,90,40,3774,0.029710711493354185,0.023317435082140965,acs5_2019_tract,NA,17.8548490687219,25.24590163934426,72.70800211976683,64922
24510270501,1594,256,0,55,4010,0.1606022584692597,0.05012468827930175,acs5_2019_tract,NA,11.738648947951274,23.567093728927848,34.01496259351621,63509
24510270801,1591,62,173,470,4087,-0.06976744186046512,-0.09982872522632738,acs5_2019_tract,NA,9.241300627495722,32.33865371269951,78.73746023978468,56670
24510271700,1803,23,641,658,4624,-0.3427620632279534,-0.13732698961937717,acs5_2019_tract,NA,26.70731707317073,15.139547130068458,91.56574394463668,39432
24510280200,1666,22,282,754,5122,-0.15606242496998798,-0.14291292463881297,acs5_2019_tract,NA,17.237953303527075,29.40717628705148,89.75009761811792,59524
24510280301,1911,54,565,661,3912,-0.2673992673992674,-0.1551635991820041,acs5_2019_tract,NA,13.490267089180625,25.39325842696629,85.12269938650307,44390
24510160801,1174,0,302,150,3052,-0.2572402044293015,-0.0491480996068152,acs5_2019_tract,NA,17.09039548022599,16.505281690140844,97.41153342070773,44015
24510160802,1072,0,262,603,3368,-0.24440298507462688,-0.17903800475059384,acs5_2019_tract,NA,16.445830085736556,10.144253140995811,98.3372921615202,42547
24510060300,720,166,81,216,1881,0.11805555555555555,-0.02658160552897395,acs5_2019_tract,NA,19.821826280623608,49.244712990936556,45.02923976608187,72132
24510080101,1261,187,138,395,3869,0.03885804916732752,-0.05376066166968209,acs5_2019_tract,NA,13.03448275862069,32.73855702094647,61.15275264926338,66845
24510080302,1120,0,317,726,2906,-0.2830357142857143,-0.24982794218857537,acs5_2019_tract,NA,16.728624535315983,17.17267552182163,92.32622161046112,36700
24510080500,518,0,175,254,1410,-0.33783783783783783,-0.18014184397163122,acs5_2019_tract,NA,29.619565217391305,7.482993197278912,96.87943262411348,30714
24510120500,971,124,167,322,2190,-0.044284243048403706,-0.09041095890410959,acs5_2019_tract,NA,20.213640098603122,43.966040024257126,52.19178082191781,50375
24510130300,821,30,287,607,2222,-0.31303288672350793,-0.25967596759675965,acs5_2019_tract,NA,39.94147768836869,21.93771626297578,93.15931593159316,42642
24510130803,1165,267,57,33,2443,0.18025751072961374,0.09578387228817029,acs5_2019_tract,NA,7.613005551149881,53.702717101758125,8.718788374948833,56036
24510140100,2249,416,587,374,4455,-0.07603379279679857,0.009427609427609427,acs5_2019_tract,NA,15.291902071563088,49.941588785046726,42.76094276094276,57014
24510150500,608,0,234,528,1477,-0.3848684210526316,-0.35748138117806366,acs5_2019_tract,NA,18.389261744966444,13.570741097208854,93.6357481381178,32902
24510010400,1473,774,28,1,2834,0.506449422946368,0.2727593507410021,acs5_2019_tract,NA,17.06081081081081,77.51503006012024,5.892731122088921,122765
24510020200,741,277,10,25,1678,0.3603238866396761,0.1501787842669845,acs5_2019_tract,NA,22.32704402515723,74.79119210326499,10.727056019070321,84489
24510030100,1036,79,485,839,2386,-0.3918918918918919,-0.31852472757753564,acs5_2019_tract,NA,25.1985559566787,22.75737507525587,76.86504610226321,19531
24510030200,1145,347,166,314,2273,0.15807860262008733,0.014518257809062912,acs5_2019_tract,NA,14.103525881470368,57.015092230296254,34.13990321161461,72386
24510070100,773,0,217,1049,2966,-0.2807244501940492,-0.3536749831422792,acs5_2019_tract,NA,31.10516934046346,10.082872928176796,83.07484828051247,43327
24510200100,599,0,254,654,1824,-0.4240400667779633,-0.35855263157894735,acs5_2019_tract,NA,36.34431455897981,4.970513900589722,96.98464912280701,30809
24510160300,392,0,290,415,968,-0.7397959183673469,-0.4287190082644628,acs5_2019_tract,NA,52.01958384332925,6.310013717421125,93.38842975206612,14915
24510200800,784,7,217,428,2170,-0.26785714285714285,-0.19400921658986175,acs5_2019_tract,NA,26.31578947368421,11.22956645344705,89.12442396313364,48922
24510240200,1455,862,0,22,2746,0.5924398625429553,0.3058994901675164,acs5_2019_tract,NA,9.795412275263484,83.60585197934596,4.843408594319009,132281
24510250204,1476,0,942,2434,4312,-0.6382113821138211,-0.5644712430426716,acs5_2019_tract,NA,11.722488038277511,4.371584699453552,93.25139146567717,16750
24510250206,855,82,59,59,2250,0.026900584795321637,0.010222222222222223,acs5_2019_tract,NA,19.110690633869442,14.977692797960485,23.2,65304
24510250500,1687,115,387,880,4252,-0.16123295791345585,-0.17991533396048917,acs5_2019_tract,NA,31.61734900689096,6.820461384152457,34.45437441204139,37395
24510260101,1869,101,135,234,5116,-0.01819154628143392,-0.02599687255668491,acs5_2019_tract,NA,10.057747834456208,22.601803771522274,72.12666145426114,59219
24510260301,1520,11,374,1451,4741,-0.2388157894736842,-0.3037333895802573,acs5_2019_tract,NA,16.71232876712329,11.779911373707533,91.81607255853196,49005
24510270600,1817,249,149,240,5170,0.0550357732526142,0.0017408123791102514,acs5_2019_tract,NA,10.049504950495049,32.117554447651536,66.20889748549322,71847
24510010100,1389,743,0,44,3035,0.5349172066234701,0.23031301482701813,acs5_2019_tract,NA,14.25925925925926,70.5970709725873,6.754530477759473,125417
24510010500,746,377,0,12,1888,0.5053619302949062,0.1933262711864407,acs5_2019_tract,NA,18.647764449291166,75.75351640991293,3.0190677966101696,128227
24510070200,1092,0,472,1518,3696,-0.43223443223443225,-0.4107142857142857,acs5_2019_tract,NA,29.50290510006456,4.583538689009364,97.26731601731602,31292
24510070300,293,0,57,188,900,-0.1945392491467577,-0.2088888888888889,acs5_2019_tract,NA,39.58762886597938,12.09800918836141,83.22222222222223,36985
24510070400,770,6,327,467,1601,-0.41688311688311686,-0.28794503435352903,acs5_2019_tract,NA,10.982658959537572,32.31173380035026,81.32417239225484,24457
24510080400,403,15,169,317,1263,-0.38213399503722084,-0.2391132224861441,acs5_2019_tract,NA,46.763540290620874,18.602029312288614,80.91844813935076,32772
24510130100,1426,121,719,963,2558,-0.41935483870967744,-0.32916340891321344,acs5_2019_tract,NA,24.309978768577494,31.164901664145233,79.71071149335418,22464
24510130200,1087,76,223,329,2751,-0.13523459061637536,-0.09196655761541257,acs5_2019_tract,NA,27.33957219251337,31.96322336398053,81.6793893129771,48175
24510130806,556,183,19,11,1423,0.2949640287769784,0.12087139845397049,acs5_2019_tract,NA,11.04,49.795249795249795,18.692902319044272,92885
24510200200,813,0,364,683,2072,-0.44772447724477243,-0.3296332046332046,acs5_2019_tract,NA,43.892339544513455,8.078750848608282,95.65637065637065,27623
24510080800,502,12,132,447,1583,-0.23904382470119523,-0.27479469361970943,acs5_2019_tract,NA,33.597883597883595,12.91248206599713,94.37776373973468,53333
24510080102,691,0,262,807,2159,-0.3791606367583213,-0.37378415933302456,acs5_2019_tract,NA,27.568134171907758,5.310396409872849,95.64613246873553,32747
24510080200,440,0,141,228,1164,-0.32045454545454544,-0.1958762886597938,acs5_2019_tract,NA,39.226519337016576,8.75912408759124,93.90034364261169,36375
24510120700,1022,256,42,13,2207,0.20939334637964774,0.11010421386497508,acs5_2019_tract,NA,13.095238095238095,44.36424208772904,22.066153149071138,65365
24510130400,741,40,318,652,2171,-0.37516869095816463,-0.2818977429755873,acs5_2019_tract,NA,39.55954323001631,13.8,87.60939659143251,28550
24510130700,2477,722,74,166,4734,0.2616067823980622,0.11744824672581326,acs5_2019_tract,NA,9.664478482859227,62.35799040646302,7.604562737642586,72404
24510140300,881,44,330,398,1932,-0.3246311010215664,-0.18322981366459629,acs5_2019_tract,NA,40.39242219215156,20.737647877522615,91.97722567287785,37917
24510170100,881,45,273,267,1594,-0.25879682179341656,-0.13927227101631118,acs5_2019_tract,NA,10.739614994934144,30.198019801980198,65.93475533249686,31088
24510180200,377,10,169,257,947,-0.4217506631299735,-0.2608236536430834,acs5_2019_tract,NA,36.95652173913044,16.473616473616474,86.16684266103485,25398
24510190300,725,22,326,700,2158,-0.4193103448275862,-0.31417979610750696,acs5_2019_tract,NA,46.88644688644688,4.954268292682927,60.75069508804449,17925
24510250102,1117,18,178,320,2732,-0.1432408236347359,-0.11054172767203514,acs5_2019_tract,NA,16.392215568862277,15.890850722311397,89.53147877013177,50354
24510250301,797,16,369,851,2303,-0.44291091593475534,-0.36257056013894917,acs5_2019_tract,NA,22.696411251212414,8.60719874804382,88.58011289622232,26581
24510250401,1218,103,138,284,3959,-0.028735632183908046,-0.04571861581207375,acs5_2019_tract,NA,23.154574132492115,11.106899166034875,23.793887345289214,47321
24510080700,251,0,70,89,604,-0.2788844621513944,-0.14735099337748345,acs5_2019_tract,NA,62.59314456035767,32.096069868995635,95.86092715231788,39851
24510130805,577,12,202,145,1017,-0.3292894280762565,-0.13077679449360866,acs5_2019_tract,NA,4.152823920265781,35.44018058690745,74.33628318584071,51750
24510210100,969,114,148,298,2470,-0.03508771929824561,-0.07449392712550608,acs5_2019_tract,NA,16.966580976863753,52.05183585313175,64.12955465587045,72216
24510270701,1144,0,404,374,2106,-0.3531468531468531,-0.17758784425451093,acs5_2019_tract,NA,12,18.89372280919826,95.2991452991453,36824
24510080600,803,0,303,414,1932,-0.37733499377334995,-0.21428571428571427,acs5_2019_tract,NA,42.021660649819495,15.507246376811594,90.89026915113871,34449
24510090400,625,14,182,380,1520,-0.2688,-0.24078947368421053,acs5_2019_tract,NA,22.55266418835192,16.775599128540303,78.09210526315789,32276
24510090700,1080,0,462,670,2950,-0.42777777777777776,-0.2271186440677966,acs5_2019_tract,NA,26.680244399185337,12.229539040451552,95.22033898305085,27174
24510120300,1600,336,303,518,4153,0.020625,-0.04382374187334457,acs5_2019_tract,NA,14.11701556629093,50.89820359281437,46.32795569467854,56750
24510120600,1636,120,432,345,2814,-0.19070904645476772,-0.07995735607675906,acs5_2019_tract,NA,14.210802307288935,41.488020176544765,41.86211798152097,31285
24510140200,826,12,439,1691,2906,-0.5169491525423728,-0.5777701307639367,acs5_2019_tract,NA,37.660377358490564,8.753315649867375,95.5264969029594,23295
24510150200,742,0,294,906,2330,-0.39622641509433965,-0.3888412017167382,acs5_2019_tract,NA,49.247606019151846,8.222811671087532,95.53648068669528,32273
24510150600,1026,0,486,1110,2726,-0.47368421052631576,-0.40719002201027144,acs5_2019_tract,NA,36.86153846153846,5.617382087970324,95.70799706529714,27109
24510160500,1379,0,490,1131,3934,-0.3553299492385787,-0.2874936451448907,acs5_2019_tract,NA,28.807434176561692,3.1382228490832156,98.932384341637,36577
24510151000,1741,20,546,1006,4794,-0.30212521539345205,-0.20567375886524822,acs5_2019_tract,NA,25.82019599488709,15.467820443482964,92.4697538589904,43257
24510151200,1650,0,920,1443,4113,-0.5575757575757576,-0.35083880379285193,acs5_2019_tract,NA,21.391138637446403,12.28516868236792,92.77899343544858,20717
24510160100,895,19,374,558,1936,-0.39664804469273746,-0.2784090909090909,acs5_2019_tract,NA,43.10235219326128,9.008379888268156,93.64669421487604,29375
24510210200,1344,128,307,778,3529,-0.1331845238095238,-0.18418815528478322,acs5_2019_tract,NA,22.401847575057737,26.744639376218323,49.98583168036271,45909
24510240300,1012,465,7,3,1977,0.4525691699604743,0.2336874051593323,acs5_2019_tract,NA,8.499095840867993,75.86206896551724,2.9337379868487607,128900
24510260203,1032,0,224,709,3070,-0.21705426356589147,-0.23094462540716612,acs5_2019_tract,NA,4.972375690607735,15.092453773113442,90.55374592833876,53194
24510260604,496,0,192,594,1492,-0.3870967741935484,-0.39812332439678283,acs5_2019_tract,NA,24.27480916030534,11.737804878048781,79.62466487935657,27778
24510270200,713,133,34,53,1870,0.1388499298737728,0.0427807486631016,acs5_2019_tract,NA,9.40279542566709,51.642857142857146,46.20320855614973,77792
24510040100,3084,329,181,60,5051,0.04798962386511025,0.05325678083547812,acs5_2019_tract,NA,14.214186369958275,80.73115003808073,30.330627598495347,64016
24510040200,261,16,41,24,984,-0.09578544061302682,-0.008130081300813009,acs5_2019_tract,NA,32.03125,68.86363636363636,34.34959349593496,43417
24510060200,1083,246,78,567,3037,0.15512465373961218,-0.10569641093184064,acs5_2019_tract,NA,24.424284717376135,42.972459639126306,42.73954560421468,69034
24510090500,677,22,146,301,1747,-0.1831610044313146,-0.15970234688036633,acs5_2019_tract,NA,20.539906103286384,21.044176706827308,67.37263880938752,44229
24510090800,936,0,386,944,2709,-0.41239316239316237,-0.34846806939830194,acs5_2019_tract,NA,36.19631901840491,14.618299945858148,95.34883720930233,30972
24510120100,2351,687,18,53,4787,0.28455976180348785,0.13244203049926886,acs5_2019_tract,NA,5.88470776621297,83.56126151269885,11.405890954668894,64794
24510150701,587,12,160,303,1599,-0.252129471890971,-0.18198874296435272,acs5_2019_tract,NA,28.501827040194883,23.740392826643895,93.37085678549093,49531
24510150300,606,0,160,396,2079,-0.264026402640264,-0.19047619047619047,acs5_2019_tract,NA,41.16504854368932,2.4437299035369775,98.02789802789803,41833
24510150702,796,0,212,478,2139,-0.2663316582914573,-0.22346891070593736,acs5_2019_tract,NA,29.929577464788732,24.66091245376079,95.32491818606826,50167
24510151100,2711,23,537,1319,7440,-0.18959793434157138,-0.17419354838709677,acs5_2019_tract,NA,12.49193027759845,18.36130306021718,95.98118279569893,52334
24510151300,1507,0,539,1008,4379,-0.35766423357664234,-0.23018954099109384,acs5_2019_tract,NA,29.678021465235652,12.962962962962964,85.72733500799269,31885
24510190100,841,0,388,1060,2305,-0.46135552913198574,-0.4598698481561822,acs5_2019_tract,NA,31.2346688470973,7.37294201861131,90.19522776572668,25190
24510190200,679,39,200,207,1538,-0.23711340206185566,-0.10923276983094929,acs5_2019_tract,NA,39.644444444444446,29.136029411764707,49.86996098829649,43878
24510220100,2255,728,136,70,4447,0.26252771618625276,0.14796492017090174,acs5_2019_tract,NA,7.20164609053498,75.65193521822674,10.591409939284912,80129
24510230300,725,320,0,34,1408,0.4413793103448276,0.203125,acs5_2019_tract,NA,7.525510204081633,75.45909849749583,7.173295454545454,104250
24510250207,835,0,207,609,2337,-0.24790419161676647,-0.2605905006418485,acs5_2019_tract,NA,12.839248434237996,15.202231520223153,85.57980316645272,38194
24510250303,808,103,98,263,2229,0.006188118811881188,-0.07178106774338268,acs5_2019_tract,NA,14.767932489451477,12.964169381107492,29.161058770749214,38519
24510260202,2342,0,373,832,5681,-0.159265584970111,-0.14645308924485126,acs5_2019_tract,NA,16.087423862414905,8.31578947368421,92.78296074634747,41538
